,Titulo,Ratings
0,Motel Via,"8.5
Muy bien
525 comentarios"
1,City Express Plus by Marriott Tijuana,"8.5
Muy bien
1,152 comentarios"
2,Baja Inn Hoteles Rio,"8.4
Muy bien
1,263 comentarios"
3,Hampton Inn By Hilton Tijuana,"8.6
Fabuloso
1,276 comentarios"
4,Eazy Rio by ULIV,"8.8
Fabuloso
224 comentarios"
5,City Express Junior by Marriott Tijuana Otay,"6.5
Agradable
1,843 comentarios"
6,Hotel Frontiere Tijuana,"8.6
Fabuloso
1,509 comentarios"
7,Baja Inn Hoteles La Mesa,"7.9
Bien
911 comentarios"
8,Hotel Aqua Rio,"7.7
Bien
2,331 comentarios"
9,Hotel Principado Tijuana Aeropuerto,"7.7
Bien
1,294 comentarios"
10,Eazy Centro by ULIV,"8.7
Fabuloso
158 comentarios"
11,ibis Tijuana,"7.5
Bien
2,063 comentarios"
12,Fiesta Inn Tijuana Otay Aeropuerto,"8.3
Muy bien
1,125 comentarios"
13,City Express by Marriott Tijuana Rio,"8.2
Muy bien
1,600 comentarios"
14,Hotel Ht Ole,"8.6
Fabuloso
781 comentarios"
15,Sleep Inn Tijuana,"8.2
Muy bien
1,650 comentarios"
16,Gamma Tijuana,"7.9
Bien
1,769 comentarios"
17,Motel Encuentro,"7.6
Bien
511 comentarios"
18,Hotel Astor Tijuana,"7.7
Bien
668 comentarios"
19,B my Hotel,"7.8
Bien
883 comentarios"
20,City Express by Marriott Tijuana Otay,"7.3
Bien
1,128 comentarios"
21,Motel Reno,"8.0
Muy bien
443 comentarios"
22,"avid hotels - Tijuana - Otay, an IHG Hotel","9.2
Fantástico
1,087 comentarios"
23,City Express by Marriott Tijuana Insurgentes,"7.4
Bien
680 comentarios"
24,Hotel Velario,"7.6
Bien
1,025 comentarios"
25,HOTEL VILLAGRAN,"8.2
Muy bien
83 comentarios"
26,Hotel Caesars,"8.6
Fabuloso
1,423 comentarios"
27,Motel Via,"8.5
Muy bien
525 comentarios"
28,Hotel Caesars,"8.6
Fabuloso
1,423 comentarios"
29,HOTEL VILLAGRAN,"8.2
Muy bien
83 comentarios"
30,Extended Suites Tijuana Macroplaza,"7.9
Bien
1,237 comentarios"
31,Hotel Los Altos,"7.1
Bien
145 comentarios"
32,Hotel Ticuán,"8.7
Fabuloso
1,163 comentarios"
33,Suites del Sol,"7.9
Bien
363 comentarios"
34,La Villa de Zaragoza,"8.2
Muy bien
372 comentarios"
35,Hampton Inn By Hilton Tijuana,"8.6
Fabuloso
1,276 comentarios"
36,City Express Suites by Marriott Tijuana Rio,"8.3
Muy bien
646 comentarios"
37,Hotel Pacific,"7.7
Bien
484 comentarios"
38,Hotel Catalina,"7.6
Bien
158 comentarios"
39,Grand Hotel Tijuana,"8.6
Fabuloso
2,002 comentarios"
40,QUARTZ HOTEL & SPA,"8.9
Fabuloso
766 comentarios"
41,Marriott Tijuana Hotel,"8.4
Muy bien
448 comentarios"
42,One Tijuana Otay,"8.3
Muy bien
1,257 comentarios"
43,City Express Plus by Marriott Tijuana,"8.5
Muy bien
1,152 comentarios"
44,"Holiday Inn Tijuana Zona Rio, an IHG Hotel","8.2
Muy bien
557 comentarios"
45,Real del Mar Golf Resort,"7.9
Bien
290 comentarios"
46,Real Inn Tijuana by Camino Real Hotels,"8.2
Muy bien
1,468 comentarios"
47,Hotel Quinta,"8.4
Muy bien
361 comentarios"
48,Pueblo Amigo Hotel Plaza y Casino,"8.8
Fabuloso
1,799 comentarios"
49,Hotel Jatay,"8.3
Muy bien
611 comentarios"
50,Hotel Baja,"8.2
Muy bien
293 comentarios"
51,Fairfield Inn & Suites by Marriott Tijuana,"8.6
Fabuloso
345 comentarios"
